"Област","Община","Населено място","Район","Име на институцията","Вид на институцията","Вид на институцията - детайлен","Вид на институцията според начина на финансиране"
"София-град","Столична","Бусманци","Искър","ДГ 21","детска градина","детска градина","Общинско"
"София-град","Столична","София","Оборище","ДГ № 104","детска градина","детска градина","Общинско"
"София-град","Столична","София","Витоша","ЧДГ Усмивка","детска градина","детска градина","Частно"
"София-град","Столична","София","Сердика","ДГ №149 ""Зорница""","детска градина","детска градина","Общинско"
"София-град","Столична","София","Студентски","ЧДГ "" Албертино01.09""ЕООД","детска градина","детска градина","Частно"
"София-град","Столична","София","Панчарево","Таткова градина","детска градина","детска градина","Частно"
"София-град","Столична","София","Изгрев","ЧПГДН СофтУни Светлина","неспециализирано","професионална гимназия","Частно"
"София-град","Столична","София","Младост","ЧНУ ""Светилник""","неспециализирано","начално","Частно"
"София-град","Столична","София","Студентски","ЧОУ ""ПРОФ. Д-Р ВАСИЛ ЗЛАТАРСКИ","неспециализирано","основно","Частно"
"София-град","Столична","София","Витоша","ЧДГ ""СЛЪНЧЕВ АНГЕЛ""","детска градина","детска градина","Частно"
"София-град","Столична","София","Подуяне","ЦПЛР - КОК - София","център за подкрепа за личностно развитие","център за кариерно ориентиране","Общинско"
"София-град","Столична","София","Витоша","ЧДГ ""Щастливо детство""","детска градина","детска градина","Частно"
"София-град","Столична","София","Триадица","ЧДГ Детската ЕООД","детска градина","детска градина","Частно"
"София-град","Столична","София","Лозенец","ЧОУ ""Роналд Лаудер""","неспециализирано","основно","Частно"
"София-град","Столична","София","Красно село","ЧНУ МИЛЕА","неспециализирано","начално","Частно"
"София-град","Столична","София","Лозенец","ЧСУ "" Константин-Кирил Философ","неспециализирано","средно","Частно"
"София-град","Столична","София","Лозенец","ЧНУ Наука за деца","неспециализирано","начално","Частно"
"София-град","Столична","София","Лозенец","ЧДГ ""Валдорф""","детска градина","детска градина","Частно"
"София-град","Столична","Банкя","Банкя","78. СУ ""Христо Смирненски""","неспециализирано","средно","Общинско"
"София-град","Столична","София","Младост","ЧДГ"" Вълшебното Борче""","детска градина","детска градина","Частно"
"София-град","Столична","София","Възраждане","ЧДГ МОМО ЕООД","детска градина","детска градина","Частно"
"София-град","Столична","София","Оборище","Бръмбазък","детска градина","детска градина","Частно"
"София-град","Столична","София","Сердика","ЧДГ ""Йор Кидс""","детска градина","детска градина","Частно"
"София-град","Столична","Банкя","Банкя","ПГТ ""Ал. Константинов""","неспециализирано","професионална гимназия","Държавно"
"София-град","Столична","Банкя","Банкя","ЧНУ ""Фоти""","неспециализирано","начално","Частно"
"София-град","Столична","София","Банкя","ЧСУ ""Цар Симеон Велики""","неспециализирано","средно","Частно"
"София-град","Столична","Банкя","Банкя","ДГ №25 ""Изворче""","детска градина","детска градина","Общинско"
"София-град","Столична","София","Витоша","2. СУ ""Акад.Емилиян Станев""","неспециализирано","средно","Общинско"
"София-град","Столична","София","Витоша","5 ОУ ""Ив. Вазов""","неспециализирано","основно","Общинско"
"София-град","Столична","София","Витоша","26 СУ ""Йордан Йовков""","неспециализирано","средно","Общинско"
"София-град","Столична","София","Витоша","50. ОУ""Васил Левски""","неспециализирано","основно","Общинско"
"София-град","Столична","София","Витоша","52. ОУ","неспециализирано","основно","Общинско"
"София-град","Столична","София","Витоша","64 ОУ","неспециализирано","основно","Общинско"
"София-град","Столична","Владая","Витоша","86 ОУ","неспециализирано","основно","Общинско"
"София-град","Столична","Мърчаево","Витоша","152 ОУ","неспециализирано","основно","Общинско"
"София-град","Столична","София","Витоша","ЧДГ - МАРГАРИТКА","детска градина","детска градина","Частно"
"София-град","Столична","София","Витоша","ПГЕБ""Проф. д-р Асен Златаров""","неспециализирано","професионална гимназия","Държавно"
"София-град","Столична","София","Витоша","ЧПСУ ""Свети Наум""","неспециализирано","средно","Частно"
"София-град","Столична","София","Витоша","ЧСУ ""РЬОРИХ""","неспециализирано","средно","Частно"
"София-град","Столична","София","Витоша","ЧСЕУ ""Британика""","неспециализирано","средно","Частно"
"София-град","Столична","София","Витоша","ЧОУ ""Света София""","неспециализирано","основно","Частно"
"София-град","Столична","София","Лозенец","ЧСУ ""Свети Георги""","неспециализирано","средно","Частно"
"София-град","Столична","София","Витоша","ЦСОП ""Проф. Димитър Кацаров""","център за подкрепа за личностно развитие","център за специална образователна подкрепа","Държавно"
"София-град","Столична","София","Витоша","СУУУС ""Проф. д-р Дечо Денев""","специално","за обучение и подкрепа на ученици с увреден слух","Държавно"
"София-град","Столична","София","Младост","ЧДГ ""Малки стъпки""","детска градина","детска градина","Частно"
"София-град","Столична","София","Овча Купел","ЧДГ ""Цветен ден""","детска градина","детска градина","Частно"
"София-град","Столична","София","Витоша","ЧЦДГ ""Мила""","детска градина","детска градина","Частно"
"София-град","Столична","София","Слатина","ЧСУ ""Проф. Николай Райнов""","неспециализирано","средно","Частно"
"София-град","Столична","София","Витоша","Веселото Гардже","детска градина","детска градина","Частно"
"София-град","Столична","София","Витоша","ЧДГ ""ЛИДИ""","детска градина","детска градина","Частно"
"София-град","Столична","София","Витоша","ЧДГ ""Българанче""","детска градина","детска градина","Частно"
"София-град","Столична","София","Витоша","ЧДГ "" ЕКОмалчовци ""","детска градина","детска градина","Частно"
"София-град","Столична","София","Лозенец","ЧДГ ""Веселите камбанки""","детска градина","детска градина","Частно"
"София-град","Столична","София","Витоша","ЧДГ КИТА 2013","детска градина","детска градина","Частно"
"София-град","Столична","София","Витоша","ЧДГ ""ДЕТСКИ СВЯТ""","детска градина","детска градина","Частно"
"София-град","Столична","София","Витоша","ЧДГ Откривател","детска градина","детска градина","Частно"
"София-град","Столична","София","Витоша","ЧДГ ""Росица""","детска градина","детска градина","Частно"
"София-град","Столична","София","Витоша","ЧСУ ""Евлоги и Христо Георгиеви","неспециализирано","средно","Частно"
"София-град","Столична","София","Витоша","ЧОУ ""Откривател""","неспециализирано","основно","Частно"
"София-град","Столична","София","Витоша","ЧДГ ""Германи""","детска градина","детска градина","Частно"
"София-град","Столична","София","Витоша","ЧДГ Монтесори Къща на Децата","детска градина","детска градина","Частно"
"София-град","Столична","София","Витоша","ЧДГ ""Ежко Бежко""","детска градина","детска градина","Частно"
"София-град","Столична","София","Лозенец","ЧДГ ""Свети Георги""","детска градина","детска градина","Частно"
"София-град","Столична","София","Витоша","ЧДГ ЗВЕЗДИЧКА ЕООД","детска градина","детска градина","Частно"
"София-град","Столична","София","Витоша","ЧДГ""РАЙ""","детска градина","детска градина","Частно"
"София-град","Столична","София","Витоша","ЧДГ ""Сияние""","детска градина","детска градина","Частно"
"София-град","Столична","София","Витоша","ЧДГ "" Елхица""","детска градина","детска градина","Частно"
"София-град","Столична","София","Витоша","ЧДГ ""БОЯНА""","детска градина","детска градина","Частно"
"София-град","Столична","София","Витоша","ЧНДГ Увекинд","детска градина","детска градина","Частно"
"София-град","Столична","София","Витоша","„ЧДГ „НЕМО""“ ООД","детска градина","детска градина","Частно"
"София-град","Столична","София","Лозенец","ЧДГ Златно зрънце ЕООД","детска градина","детска градина","Частно"
"София-град","Столична","Мърчаево","Витоша","ДГ 41""Приятели""","детска градина","детска градина","Общинско"
"София-град","Столична","София","Витоша","ДГ 60 ""Бор""","детска градина","детска градина","Общинско"
"София-град","Столична","Владая","Витоша","ДГ № 4 ""Слънчо""","детска градина","детска градина","Общинско"
"София-град","Столична","София","Витоша","ДГ№116""Мусала""","детска градина","детска градина","Общинско"
"София-град","Столична","София","Витоша","ДГ №112 ""Детски свят""","детска градина","детска градина","Общинско"
"София-град","Столична","София","Витоша","ДГ№ 160 ""Драгалевци""","детска градина","детска градина","Общинско"
"София-град","Столична","София","Витоша","ДГ № 37 ""ВЪЛШЕБСТВО""","детска градина","детска градина","Общинско"
"София-град","Столична","София","Витоша","ДГ № 46 ""Жива вода""","детска градина","детска градина","Общинско"
"София-град","Столична","София","Витоша","""Палави крачета""","детска градина","детска градина","Частно"
"София-град","Столична","София","Връбница","61 ОУ"" Св. Св. Кирил и Методий","неспециализирано","основно","Общинско"
"София-град","Столична","София","Връбница","62. ОУ ""Хр. Ботев""","неспециализирано","основно","Общинско"
"София-град","Столична","София","Връбница","70-о ОУ","неспециализирано","основно","Общинско"
"София-град","Столична","София","Връбница","74 СУ ""Гоце Делчев""","неспециализирано","средно","Общинско"
"София-град","Столична","София","Връбница","140. СУ ""Иван Богоров""","неспециализирано","средно","Общинско"
"София-град","Столична","Волуяк","Връбница","146 ОУ","неспециализирано","основно","Общинско"
"София-град","Столична","Мрамор","Връбница","175 ОУ","неспециализирано","основно","Общинско"
"София-град","Столична","София","Връбница","ДГ №198"" Косе Босе""","детска градина","детска градина","Общинско"
"София-град","Столична","София","Връбница","СУ за ученици с нарушено зрение","специално","за обучение и подкрепа на ученици с нарушено зрение","Държавно"
"София-град","Столична","София","Витоша","ЧДГ ""Приятелска къща""","детска градина","детска градина","Частно"
"София-град","Столична","София","Връбница","ЧСУ ""Дружба"" - София","неспециализирано","средно","Частно"
"София-град","Столична","София","Връбница","ЧДГ "" АРЛЕКИНО ""ООД","детска градина","детска градина","Частно"
"София-град","Столична","София","Връбница","ДГ 82","детска градина","детска градина","Общинско"
"София-град","Столична","Мрамор","Връбница","ДГ №176","детска градина","детска градина","Общинско"
"София-град","Столична","София","Връбница","ДГ №138 ""Приятели""","детска градина","детска градина","Общинско"
"София-град","Столична","София","Илинден","ДГ № 42","детска градина","детска градина","Общинско"
"София-град","Столична","София","Връбница","ДГ N5","детска градина","детска градина","Общинско"
"София-град","Столична","София","Възраждане","18 СУ ""Уилям Гладстон""","неспециализирано","средно","Общинско"
"София-град","Столична","София","Възраждане","30. СУ ""Братя Миладинови""","неспециализирано","средно","Общинско"
"София-град","Столична","София","Възраждане","32.СУИЧЕ ""Св.Климент Охридски""","неспециализирано","средно","Общинско"
"София-град","Столична","София","Възраждане","46 ОУ ""К. Фотинов""","неспециализирано","основно","Общинско"
"София-град","Столична","София","Възраждане","67 ОУ ""Васил Друмев""","неспециализирано","основно","Общинско"
"София-град","Столична","София","Възраждане","76. ОУ","неспециализирано","основно","Общинско"
"София-град","Столична","София","Възраждане","91 НЕГ","неспециализирано","профилирана гимназия","Общинско"
"София-град","Столична","София","Възраждане","134. СУ ""Д. Дебелянов""","неспециализирано","средно","Държавно"
"София-град","Столична","София","Възраждане","136 ОУ ""Любен Каравелов""","неспециализирано","основно","Общинско"
"София-град","Столична","София","Възраждане","5.Вечерно СУ""П.Пенев""","неспециализирано","средно","Общинско"
"София-град","Столична","София","Сердика","ПГИИРЕ","неспециализирано","профилирана гимназия","Държавно"
"София-град","Столична","София","Възраждане","НПГПТО ""М.В.Ломоносов""","неспециализирано","професионална гимназия","Държавно"
"София-град","Столична","София","Възраждане","ПГТКИ","неспециализирано","професионална гимназия","Държавно"
"София-град","Столична","София","Възраждане","ПГ по ПСТТ","неспециализирано","професионална гимназия","Държавно"
"София-град","Столична","София","Възраждане","ЧПГ ЕВРОСТАНДАРТ","неспециализирано","професионална гимназия","Частно"
"София-град","Столична","София","Оборище","ЧПГЧО "" Езиков свят""","неспециализирано","профилирана гимназия","Частно"
"София-град","Столична","София","Надежда","ЧСУ ""ВЕДА""","неспециализирано","средно","Частно"
"София-град","Столична","София","Студентски","ЧОУ ""Светлина""","неспециализирано","основно","Частно"
"София-град","Столична","София","Оборище","ЧОУ ""Езиков свят""","неспециализирано","основно","Частно"
"София-град","Столична","София","Искър","Испанско училище","неспециализирано","средно","Частно"
"София-град","Столична","София","Възраждане","НДД","специализирано обслужващо звено","Национален дворец на децата","Държавно"
"София-град","Столична","София","Младост","ЧДГ ""КУЕСТ""","детска градина","детска градина","Частно"
"София-град","Столична","София","Възраждане","Детска градина № 1","детска градина","детска градина","Общинско"
"София-град","Столична","София","Възраждане","ДГ № 194 ""Милувка""","детска градина","детска градина","Общинско"
"София-град","Столична","София","Възраждане","Детска градина №81 ""Лилия""","детска градина","детска градина","Общинско"
"София-град","Столична","София","Възраждане","ДГ № 120","детска градина","детска градина","Общинско"
"София-град","Столична","София","Възраждане","ДГ № 50 ""Зайчето Куики""","детска градина","детска градина","Общинско"
"София-град","Столична","София","Възраждане","ДГ № 119 ""Детска планета""","детска градина","детска градина","Общинско"
"София-град","Столична","София","Изгрев","11 ОУ Св. Пимен Зографски","неспециализирано","основно","Общинско"
"София-град","Столична","София","Изгрев","105. СУ ""Атанас Далчев""","неспециализирано","средно","Общинско"
"София-град","Столична","София","Изгрев","119 СУ ""Академик М. Арнаудов""","неспециализирано","средно","Общинско"
"София-град","Столична","София","Изгрев","СПГЕ ""Джон Атанасов""","неспециализирано","професионална гимназия","Държавно"
"София-град","Столична","София","Изгрев","СПГ ""Княгиня Евдокия""","неспециализирано","професионална гимназия","Държавно"
"София-град","Столична","София","Студентски","ЧЕГ ""Проф.Ив.Апостолов""","неспециализирано","профилирана гимназия","Частно"
"София-град","Столична","София","Изгрев","ЧОУ "" Св. Климент Охридски""","неспециализирано","основно","Частно"
"София-град","Столична","София","Изгрев","Детска Академия","детска градина","детска градина","Частно"
"София-град","Столична","София","Изгрев","ДГ №165 ""Латинка""","детска градина","детска градина","Общинско"
"София-град","Столична","София","Изгрев","ДГ № 30 ""РАДЕЦКИ""","детска градина","детска градина","Общинско"
"София-град","Столична","София","Изгрев","ДГ № 34 ""Брезичка""","детска градина","детска градина","Общинско"
"София-град","Столична","София","Изгрев","ДГ № 49 ""Радост""","детска градина","детска градина","Общинско"
"София-град","Столична","София","Изгрев","ДГ №133","детска градина","детска градина","Общинско"
"София-град","Столична","София","Изгрев","ДГ № 29 ""Слънце""","детска градина","детска градина","Общинско"
"София-град","Столична","София","Изгрев","ДГ №23 ""Здраве""","детска градина","детска градина","Общинско"
"София-град","Столична","София","Илинден","3. СУ ""МАРИН ДРИНОВ""","неспециализирано","средно","Общинско"
"София-град","Столична","София","Илинден","43. ОУ ""Христо Смирненски""","неспециализирано","основно","Общинско"
"София-град","Столична","София","Илинден","45 ОУ","неспециализирано","основно","Общинско"
"София-град","Столична","София","Илинден","113 СУ""Сава Филаретов""","неспециализирано","средно","Общинско"
"София-град","Столична","София","Триадица","ІІ АЕГ ""Томас Джеферсън""","неспециализирано","профилирана гимназия","Общинско"
"София-град","Столична","София","Илинден","ПГТЕ ""Хенри Форд""","неспециализирано","професионална гимназия","Държавно"
"София-град","Столична","София","Илинден","ПГАВТ ""А.С.ПОПОВ""","неспециализирано","професионална гимназия","Държавно"
"София-град","Столична","София","Илинден","ПГХВТ","неспециализирано","професионална гимназия","Общинско"
"София-град","Столична","София","Илинден","ЦСОП""Проф. дпн Георги Ангушев""","център за подкрепа за личностно развитие","център за специална образователна подкрепа","Държавно"
"София-град","Столична","София","Слатина","Регионален център ПППО","център за подкрепа за личностно развитие","регионален център за подкрепа на процеса на приобщаващо образование","Държавно"
"София-град","Столична","София","Илинден","ДГ № 51 ""Щурче""","детска градина","детска градина","Общинско"
"София-град","Столична","София","Илинден","ДГ №52 ""ИЛИНДЕНЧЕ""","детска градина","детска градина","Общинско"
"София-град","Столична","София","Илинден","ДГ № 158 ""ЗОРА""","детска градина","детска градина","Общинско"
"София-град","Столична","София","Илинден","ДГ № 179 "" Синчец ""","детска градина","детска градина","Общинско"
"София-град","Столична","София","Илинден","ДГ № 153","детска градина","детска градина","Общинско"
"София-град","Столична","София","Искър","4 ОУ","неспециализирано","основно","Общинско"
"София-град","Столична","Бусманци","Искър","65 ОУ","неспециализирано","основно","Общинско"
"София-град","Столична","София","Искър","68. СУ""Акад.Никола Обрешков""","неспециализирано","средно","Общинско"
"София-град","Столична","София","Искър","69 СУ ""Димитър Маринов""","неспециализирано","средно","Общинско"
"София-град","Столична","София","Искър","89 ОУ,,Д-р Христо Стамболски""","неспециализирано","основно","Общинско"
"София-град","Столична","София","Искър","108 СУ ""Н.Беловеждов""","неспециализирано","средно","Общинско"
"София-град","Столична","София","Искър","150-то ОУ ""ЦАР СИМЕОН ПЪРВИ""","неспециализирано","основно","Общинско"
"София-град","Столична","София","Искър","163 ОУ","неспециализирано","основно","Общинско"
"София-град","Столична","София","Искър","ПГ ПО ТРАНСПОРТ","неспециализирано","професионална гимназия","Държавно"
"София-град","Столична","София","Искър","ДГ № 88 ,,Детски рай""","детска градина","детска градина","Общинско"
"София-град","Столична","София","Искър","ДГ № 185 ""ЗВЕЗДИЧКА""","детска градина","детска градина","Общинско"
"София-град","Столична","София","Искър","ДГ № 144"" Ханс Кристиан Андерс","детска градина","детска градина","Общинско"
"София-град","Столична","София","Искър","Детска градина № 36 Пеперуда","детска градина","детска градина","Общинско"
"София-град","Столична","София","Искър","ДГ №13","детска градина","детска градина","Общинско"
"София-град","Столична","София","Искър","ДГ 96","детска градина","детска градина","Общинско"
"София-град","Столична","София","Искър","ДГ №108","детска градина","детска градина","Общинско"
"София-град","Столична","София","Красна поляна","17 СУ ""Дамян Груев""","неспециализирано","средно","Общинско"
"София-град","Столична","София","Красна поляна","28 СУ ""А. Константинов""","неспециализирано","средно","Общинско"
"София-град","Столична","София","Красна поляна","57 СУ ""Св. Н. Охридски""","специализирано","спортно","Общинско"
"София-град","Столична","София","Красна поляна","75.ОУ""Т.Каблешков ""","неспециализирано","основно","Общинско"
"София-град","Столична","София","Красна поляна","92 ОУ""Димитър Талев""","неспециализирано","основно","Общинско"
"София-град","Столична","София","Красна поляна","123 СУ ""Стефан Стамболов","неспециализирано","средно","Общинско"
"София-град","Столична","София","Красна поляна","135 СУ ""Ян Амос Коменски""","неспециализирано","средно","Общинско"
"София-град","Столична","София","Красна поляна","147 ОУ","неспециализирано","основно","Общинско"
"София-град","Столична","София","Красна поляна","СГХСТ","неспециализирано","професионална гимназия","Държавно"
"София-град","Столична","София","Триадица","ЧСУ ""Орфей""","неспециализирано","средно","Частно"
"София-град","Столична","София","Красна поляна","ЧПГИ","неспециализирано","професионална гимназия","Частно"
"София-град","Столична","София","Красна поляна","ДГ№196""Шарл Перо""","детска градина","детска градина","Общинско"
"София-град","Столична","София","Красна поляна","ДГ № 169 "" КОЛЕДАРЧЕ ""","детска градина","детска градина","Общинско"
"София-град","Столична","София","Красна поляна","ДГ № 128""Феникс""","детска градина","детска градина","Общинско"
"София-град","Столична","София","Красна поляна","ДГ № 130","детска градина","детска градина","Общинско"
"София-град","Столична","София","Красна поляна","ДГ №126 ""Тинтява""","детска градина","детска градина","Общинско"
"София-град","Столична","София","Красна поляна","ДГ №187","детска градина","детска градина","Общинско"
"София-град","Столична","София","Красна поляна","ДГ N 54""ДЪГА""","детска градина","детска градина","Общинско"
"София-град","Столична","София","Красно село","19 СУ ""Елин Пелин""","неспециализирано","средно","Общинско"
"София-град","Столична","София","Красно село","25 ОУ","неспециализирано","основно","Общинско"
"София-град","Столична","София","Красно село","34 ОУ ""Стою Шишков""","неспециализирано","основно","Общинско"
"София-град","Столична","София","Красно село","36 СУ ""Максим Горки""","неспециализирано","средно","Общинско"
"София-град","Столична","София","Красно село","51 СУ","неспециализирано","средно","Общинско"
"София-град","Столична","София","Красно село","132. СУ ""Ваня Войнова""","неспециализирано","средно","Общинско"
"София-град","Столична","София","Красно село","142 ОУ ""Веселин Ханчев""","неспециализирано","основно","Общинско"
"София-град","Столична","София","Красно село","203 ПЕГ ""Св. Методий""","неспециализирано","профилирана гимназия","Общинско"
"София-град","Столична","София","Красно село","ЧЕСУ ""Дорис Тенеди""","неспециализирано","средно","Частно"
"София-град","Столична","София","Красно село","ЧПГИТЧЕ ""Евклид""","неспециализирано","средно","Частно"
"София-град","Столична","София","Красно село","ЧДГ 101Защо","детска градина","детска градина","Частно"
"София-град","Столична","София","Красно село","ДГ № 134","детска градина","детска градина","Общинско"
"София-град","Столична","София","Красно село","ДГ №107""Бон-бон""","детска градина","детска градина","Общинско"
"София-град","Столична","София","Красно село","ДГ №67 ""Чучулига""","детска градина","детска градина","Общинско"
"София-град","Столична","София","Красно село","ДГ № 85","детска градина","детска градина","Общинско"
"София-град","Столична","София","Красно село","ДГ №99","детска градина","детска градина","Общинско"
"София-град","Столична","София","Красно село","ДГ № 142","детска градина","детска градина","Общинско"
"София-град","Столична","София","Красно село","ДГ 124 Бърборино""","детска градина","детска градина","Общинско"
"София-град","Столична","София","Красно село","ДГ №136","детска градина","детска градина","Общинско"
"София-град","Столична","София","Красно село","ДГ № 145","детска градина","детска градина","Общинско"
"София-град","Столична","София","Красно село","Детска градина № 93 "" Чуден с","детска градина","детска градина","Общинско"
"София-град","Столична","София","Красно село","ДГ 162 ""Вихрогонче""","детска градина","детска градина","Общинско"
"София-град","Столична","София","Красно село","ДГ №8 ""Проф.д-р Елка Петрова""","детска градина","детска градина","Общинско"
"София-град","Столична","София","Красно село","ДГ № 80","детска градина","детска градина","Общинско"
"София-град","Столична","София","Кремиковци","85 СУ ""Отец Паисий""","неспециализирано","средно","Общинско"
"София-град","Столична","Горни Богров","Кремиковци","115ОУ","неспециализирано","основно","Общинско"
"София-град","Столична","Яна","Кремиковци","116 ОУ ""Паисий Хилендарски""","неспециализирано","основно","Общинско"
"София-град","Столична","Бухово","Кремиковци","117. СУ","неспециализирано","средно","Общинско"
"София-град","Столична","София","Кремиковци","156-о ОбУ ""В.Левски""","неспециализирано","обединено","Общинско"
"София-град","Столична","София","Кремиковци","159.ОУ","неспециализирано","основно","Общинско"
"София-град","Столична","София","Кремиковци","162 ОбУ ""Отец Паисий""","неспециализирано","обединено","Общинско"
"София-град","Столична","Долни Богров","Кремиковци","ДГ №140 Зорница","детска градина","детска градина","Общинско"
"София-град","Столична","София","Кремиковци","ДГ № 44 ""Калина""","детска градина","детска градина","Общинско"
"София-град","Столична","София","Кремиковци","ДГ №89","детска градина","детска градина","Общинско"
"София-град","Столична","София","Кремиковци","ДГ № 58 ""Слънчево утро""","детска градина","детска градина","Общинско"
"София-град","Столична","София","Кремиковци","ДГ №146","детска градина","детска градина","Общинско"
"София-град","Столична","Бухово","Кремиковци","ДГ № 94 ""Детски свят""","детска градина","детска градина","Общинско"
"София-град","Столична","Горни Богров","Кремиковци","ДГ 147 ""Славейче""","детска градина","детска градина","Общинско"
"София-град","Столична","София","Лозенец","21 СУ ""ХРИСТО БОТЕВ""","неспециализирано","средно","Общинско"
"София-град","Столична","София","Лозенец","35. СЕУ ""Добри Войников""","неспециализирано","средно","Общинско"
"София-град","Столична","София","Лозенец","107. ОУ","неспециализирано","основно","Общинско"
"София-град","Столична","София","Лозенец","120 ОУ ""Г.С.Раковски""","неспециализирано","основно","Общинско"
"София-град","Столична","София","Лозенец","122 ОУ ""Н. Лилиев""","неспециализирано","основно","Общинско"
"София-град","Столична","София","Лозенец","139 ОУ ""Захарий Круша""","неспециализирано","основно","Общинско"
"София-град","Столична","София","Лозенец","НПМГ","неспециализирано","профилирана гимназия","Държавно"
"София-град","Столична","София","Лозенец","ЧДГ ""Д-р П.Берон""","детска градина","детска градина","Частно"
"София-град","Столична","София","Лозенец","ПГО","неспециализирано","професионална гимназия","Държавно"
"София-град","Столична","София","Лозенец","СГСАГ ""ХРИСТО БОТЕВ""","неспециализирано","професионална гимназия","Държавно"
"София-град","Столична","София","Лозенец","НФСГ","неспециализирано","професионална гимназия","Държавно"
"София-град","Столична","София","Триадица","ЧПГ ""БАНКЕР""","неспециализирано","професионална гимназия","Частно"
"София-град","Столична","София","Лозенец","ЧОУ ""Д-р Петър Берон""","неспециализирано","основно","Частно"
"София-град","Столична","София","Триадица","ЧОУ Банкерче","неспециализирано","основно","Частно"
"София-град","Столична","София","Лозенец","ДУ СДС ""Св. Иван Рилски""","специализирано","духовно","Държавно"
"София-град","Столична","София","Младост","""ЧСУ Българско школо""","неспециализирано","средно","Частно"
"София-град","Столична","София","Лозенец","ЧСЕУ ""Г.С.Уланова""","неспециализирано","профилирана гимназия","Частно"
"София-град","Столична","София","Лозенец","ЦСОП ""ЛОЗЕНЕЦ""","център за подкрепа за личностно развитие","център за специална образователна подкрепа","Държавно"
"София-град","Столична","София","Лозенец","ЧДГ Тути","детска градина","детска градина","Частно"
"София-град","Столична","София","Илинден","ЧДГ ""Фънки Мънки""","детска градина","детска градина","Частно"
"София-град","Столична","София","Витоша","Частна Детска Градина Патета","детска градина","детска градина","Частно"
"София-град","Столична","София","Витоша","ЧДГ ""Камелини Монтесори""","детска градина","детска градина","Частно"
"София-град","Столична","София","Лозенец","ДГ№175","детска градина","детска градина","Общинско"
"София-град","Столична","София","Лозенец","ЧДГ Кристофър Робин","детска градина","детска градина","Частно"
"София-град","Столична","София","Лозенец","ЧДГ ""Алиса""","детска градина","детска градина","Частно"
"София-град","Столична","София","Лозенец","ЧДГ ""ЖИРАФЧЕ""","детска градина","детска градина","Частно"
"София-град","Столична","София","Младост","ЧДГ Слънчево зайче","детска градина","детска градина","Частно"
"София-град","Столична","София","Лозенец","ЧДГ ""Г.С.Уланова""","детска градина","детска градина","Частно"
"София-град","Столична","София","Лозенец","ЧДГ""Щастливата къща""","детска градина","детска градина","Частно"
"София-град","Столична","София","Лозенец","ДГ №19","детска градина","детска градина","Общинско"
"София-град","Столична","София","Лозенец","ДГ №111""КОРАБЧЕ""","детска градина","детска градина","Общинско"
"София-град","Столична","София","Лозенец","ДГ № 192 ""ЛОЗИЧКА""","детска градина","детска градина","Общинско"
"София-град","Столична","София","Лозенец","ДГ№193 ""Славейче""","детска градина","детска градина","Общинско"
"София-град","Столична","София","Лозенец","ДГ №141","детска градина","детска градина","Общинско"
"София-град","Столична","София","Лозенец","ДГ № 166 ""Веселушка""","детска градина","детска градина","Общинско"
"София-град","Столична","София","Лозенец","ДГ №174""Фют""","детска градина","детска градина","Общинско"
"София-град","Столична","София","Люлин","27. СУ","неспециализирано","средно","Общинско"
"София-град","Столична","София","Люлин","33 ОУ ""Санкт Петербург""","неспециализирано","основно","Общинско"
"София-град","Столична","София","Люлин","37. СУ ""Райна Княгиня""","неспециализирано","средно","Общинско"
"София-град","Столична","София","Люлин","40 СУ","неспециализирано","средно","Общинско"
"София-град","Столична","София","Люлин","56.СУ ""Проф. К. Иречек""","неспециализирано","средно","Общинско"
"София-град","Столична","София","Люлин","77 ОУ","неспециализирано","основно","Общинско"
"София-град","Столична","София","Люлин","79 СУ ""Индира Ганди""","неспециализирано","средно","Общинско"
"София-град","Столична","София","Люлин","90 СУ","неспециализирано","средно","Общинско"
"София-град","Столична","София","Люлин","96. СУ","неспециализирано","средно","Общинско"
"София-град","Столична","София","Люлин","97 СУ ""Братя Миладинови""","неспециализирано","средно","Общинско"
"София-град","Столична","София","Люлин","103. ОУ ""ВАСИЛ ЛЕВСКИ""","неспециализирано","основно","Общинско"
"София-град","Столична","София","Люлин","137 СУ ""Ангел Кънчев""","неспециализирано","средно","Общинско"
"София-град","Столична","София","Илинден","33. ЕГ ""Света София""","неспециализирано","профилирана гимназия","Общинско"
"София-град","Столична","София","Люлин","ЧНГ ""ЕРИХ КЕСТНЕР""","неспециализирано","профилирана гимназия","Частно"
"София-град","Столична","София","Витоша","ЧСУ ""П.Р.Славейков""","неспециализирано","средно","Частно"
"София-град","Столична","София","Люлин","ЧОУ ""ЕРИХ КЕСТНЕР""","неспециализирано","основно","Частно"
"София-град","Столична","София","Слатина","ЧДГ ""БРИТАНИКА""","детска градина","детска градина","Частно"
"София-град","Столична","София","Люлин","ЧДГ ""Ерих Кестнер""","детска градина","детска градина","Частно"
"София-град","Столична","София","Люлин","ЧДГ""Чудната къщичка""","детска градина","детска градина","Частно"
"София-град","Столична","София","Люлин","ДГ № 95"" ОМАЙНИЧЕ""","детска градина","детска градина","Общинско"
"София-град","Столична","София","Люлин","ДГ № 86 АСЕН БОСЕВ","детска градина","детска градина","Общинско"
"София-град","Столична","София","Люлин","ДГ № 73","детска градина","детска градина","Общинско"
"София-град","Столична","София","Люлин","ДГ № 68 ""Ран Босилек""","детска градина","детска градина","Общинско"
"София-град","Столична","София","Люлин","ДГ№64""Първи юни""","детска градина","детска градина","Общинско"
"София-град","Столична","София","Люлин","ДГ № 47 ""Незабравка""","детска градина","детска градина","Общинско"
"София-град","Столична","София","Люлин","ДГ №35","детска градина","детска градина","Общинско"
"София-град","Столична","София","Люлин","ДГ № 32 ""Българче""","детска градина","детска градина","Общинско"
"София-град","Столична","София","Люлин","ДГ № 31 ""ЛЮЛИН ""","детска градина","детска градина","Общинско"
"София-град","Столична","София","Люлин","ДГ № 22","детска градина","детска градина","Общинско"
"София-град","Столична","София","Люлин","ДГ№152","детска градина","детска градина","Общинско"
"София-град","Столична","София","Люлин","ДГ №139 ""Панорама""","детска градина","детска градина","Общинско"
"София-град","Столична","София","Люлин","ДГ- 197","детска градина","детска градина","Общинско"
"София-град","Столична","София","Люлин","ДГ №57","детска градина","детска градина","Общинско"
"София-град","Столична","София","Люлин","ДГ № 101 ""Ябълкова градина""","детска градина","детска градина","Общинско"
"София-град","Столична","София","Люлин","ДГ №55 ""Иглика""","детска градина","детска градина","Общинско"
"София-град","Столична","София","Люлин","ДГ № 200","детска градина","детска градина","Общинско"
"София-град","Столична","София","Младост","10 СУ ""Теодор Траянов""","неспециализирано","средно","Общинско"
"София-град","Столична","София","Младост","39 СУ ""П.Динеков""","неспециализирано","средно","Общинско"
"София-град","Столична","София","Младост","81. СУ ""Виктор Юго""","неспециализирано","средно","Общинско"
"София-град","Столична","София","Младост","82. ОУ ""В. Априлов""","неспециализирано","основно","Общинско"
"София-град","Столична","София","Младост","118 СУ","неспециализирано","средно","Общинско"
"София-град","Столична","София","Младост","125 СУ ""Боян Пенев""","неспециализирано","средно","Общинско"
"София-град","Столична","София","Младост","128 СУ ""Алберт Айнщайн""","неспециализирано","средно","Общинско"
"София-град","Столична","София","Младост","131. СУ ""К.А.Тимирязев""","неспециализирано","средно","Общинско"
"София-град","Столична","София","Младост","144 СУ ""Народни будители""","неспециализирано","средно","Общинско"
"София-град","Столична","София","Младост","145 ОУ "" Симеон Радев ""","неспециализирано","основно","Общинско"
"София-град","Столична","София","Младост","СУ ""Ген. Вл. Стойчев""","специализирано","спортно","Държавно"
"София-град","Столична","София","Младост","ТУЕС към ТУ-София","неспециализирано","професионална гимназия","Държавно"
"София-град","Столична","София","Младост","ЧОУ ""Меридиан 22"" ЕООД","неспециализирано","основно","Частно"
"София-град","Столична","София","Младост","ЧПГЧО ""Меридиан 22""","неспециализирано","профилирана гимназия","Частно"
"София-град","Столична","София","Витоша","ЧСУ с РЧЕО ""ЕСПА"" ЕООД","неспециализирано","средно","Частно"
"София-град","Столична","София","Младост","Американски колеж в София","неспециализирано","профилирана гимназия","Частно"
"София-град","Столична","София","Панчарево","ЧСУЧП ""Абрахам Линкълн""","неспециализирано","средно","Частно"
"София-град","Столична","София","Панчарево","ЧДГ ""ЕКО ДАРА""","детска градина","детска градина","Частно"
"София-град","Столична","София","Витоша","ЧЦДГ ""Ян Бибиян""-МЕГА-Х ООД","детска градина","детска градина","Частно"
"София-град","Столична","София","Младост","ЧДГ""Аника""","детска градина","детска градина","Частно"
"София-град","Столична","София","Младост","ЧДГ Детски Оазис","детска градина","детска градина","Частно"
"София-град","Столична","София","Младост","ДГ №189 ""Сто усмивки""","детска градина","детска градина","Общинско"
"София-град","Столична","София","Студентски","ЧОУ""Азбуки""","неспециализирано","основно","Частно"
"София-град","Столична","София","Младост","ДДГ ""Младост""","детска градина","детска градина","Държавно"
"София-град","Столична","София","Слатина","ЧДГ ""Джани Родари""","детска градина","детска градина","Частно"
"София-град","Столична","София","Младост","ЧДГ ""Меридиан 22"" ЕООД","детска градина","детска градина","Частно"
"София-град","Столична","София","Младост","ДГ №26 ""Калина""","детска градина","детска градина","Общинско"
"София-град","Столична","София","Младост","ДГ№ 98 "" Слънчево зайче","детска градина","детска градина","Общинско"
"София-град","Столична","София","Младост","ДГ №14","детска градина","детска градина","Общинско"
"София-град","Столична","София","Младост","ДГ № 188","детска градина","детска градина","Общинско"
"София-град","Столична","София","Младост","ДГ №59 ""Елхица""","детска градина","детска градина","Общинско"
"София-град","Столична","София","Младост","ДГ №71","детска градина","детска градина","Общинско"
"София-град","Столична","София","Младост","ДГ № 11 ""Мики Маус""2213972","детска градина","детска градина","Общинско"
"София-град","Столична","София","Младост","ДГ №109 ""Зорница""","детска градина","детска градина","Общинско"
"София-град","Столична","София","Младост","ДГ № 186","детска градина","детска градина","Общинско"
"София-град","Столична","София","Младост","ДГ № 178 ""Ср. Копитце""","детска градина","детска градина","Общинско"
"София-град","Столична","София","Младост","Детска градина №76 ""Сърничка""","детска градина","детска градина","Общинско"
"София-град","Столична","София","Младост","ДГ № 70","детска градина","детска градина","Общинско"
"София-град","Столична","София","Младост","ДГ № 28","детска градина","детска градина","Общинско"
"София-град","Столична","София","Младост","ДГ № 123","детска градина","детска градина","Общинско"
"София-град","Столична","София","Младост","ДГ № 75 ""Сърчице""","детска градина","детска градина","Общинско"
"София-град","Столична","София","Младост","ДГ № 17 Мечо Пух","детска градина","детска градина","Общинско"
"София-град","Столична","София","Младост","ДГ №117 - Надежда","детска градина","детска градина","Общинско"
"София-град","Столична","София","Младост","ДГ №56","детска градина","детска градина","Общинско"
"София-град","Столична","София","Надежда","15 СУ","неспециализирано","средно","Общинско"
"София-град","Столична","София","Надежда","16. ОУ ""Р. Жинзифов""","неспециализирано","основно","Общинско"
"София-град","Столична","София","Надежда","54. СУ","неспециализирано","средно","Общинско"
"София-град","Столична","София","Надежда","63 ОУ ""Христо Ботев""","неспециализирано","основно","Общинско"
"София-град","Столична","София","Надежда","98 Начално училище","неспециализирано","начално","Общинско"
"София-град","Столична","София","Надежда","101. СУ ""БАЧО КИРО""","неспециализирано","средно","Общинско"
"София-град","Столична","София","Надежда","102 ОУ","неспециализирано","основно","Общинско"
"София-град","Столична","София","Надежда","141 ОУ","неспециализирано","основно","Общинско"
"София-град","Столична","София","Надежда","153 СУ ""Н.Рилски""","специализирано","спортно","Общинско"
"София-град","Столична","София","Надежда","ДГ №172 "" София""","детска градина","детска градина","Общинско"
"София-град","Столична","София","Надежда","ЦСОП ""Едуард Сеген""","център за подкрепа за личностно развитие","център за специална образователна подкрепа","Държавно"
"София-град","Столична","София","Надежда","Ч Д Г ""Симба""","детска градина","детска градина","Частно"
"София-град","Столична","София","Надежда","ЦПЛР ЦИКО СОФИЯ","център за подкрепа за личностно развитие","център за подкрепа за личностно развитие","Общинско"
"София-град","Столична","София","Надежда","ДГ №24","детска градина","детска градина","Общинско"
"София-град","Столична","София","Надежда","Детска градина №83 Славейче","детска градина","детска градина","Общинско"
"София-град","Столична","София","Надежда","ДГ № 15 ""Чучулига""","детска градина","детска градина","Общинско"
"София-град","Столична","София","Надежда","ДГ№27""Детска китка""","детска градина","детска градина","Общинско"
"София-град","Столична","София","Надежда","ДГ №38","детска градина","детска градина","Общинско"
"София-град","Столична","София","Надежда","ДГ № 90","детска градина","детска градина","Общинско"
"София-град","Столична","София","Надежда","ДГ № 170 ""Пчелица""","детска градина","детска градина","Общинско"
"София-град","Столична","София","Надежда","ДГ№115","детска градина","детска градина","Общинско"
"София-град","Столична","София","Надежда","ДГ № 171 "" Свобода""","детска градина","детска градина","Общинско"
"София-град","Столична","София","Надежда","ДГ №137","детска градина","детска градина","Общинско"
"София-град","Столична","София","Надежда","ДГ № 6 "" Вълшебен свят""","детска градина","детска градина","Общинско"
"София-град","Столична","Чепинци","Нови Искър","160 ОУ""Кирил и Методий""","неспециализирано","основно","Общинско"
"София-град","Столична","Нови Искър","Нови Искър","170 СУ ""Васил Левски""","неспециализирано","средно","Общинско"
"София-град","Столична","Нови Искър","Нови Искър","171 ОУ ""Стоил Попов""","неспециализирано","основно","Общинско"
"София-град","Столична","Нови Искър","Нови Искър","172 ОУ ""Христо Ботев""","неспециализирано","обединено","Общинско"
"София-град","Столична","Негован","Нови Искър","176 ОУ","неспециализирано","обединено","Общинско"
"София-град","Столична","Световрачене","Нови Искър","177 ОУ Св.Св.Кирил и Методий","неспециализирано","основно","Общинско"
"София-град","Столична","Доброславци","Нови Искър","179 ОУ ""Васил Левски""","неспециализирано","основно","Общинско"
"София-град","Столична","Нови Искър","Нови Искър","ДГ№135","детска градина","детска градина","Общинско"
"София-град","Столична","Нови Искър","Нови Искър","ДГ №102 ""Кременица""","детска градина","детска градина","Общинско"
"София-град","Столична","Световрачене","Нови Искър","ДГ № 114 ""Светулка""","детска градина","детска градина","Общинско"
"София-град","Столична","Чепинци","Нови Искър","ДГ № 132","детска градина","детска градина","Общинско"
"София-град","Столична","Нови Искър","Нови Искър","ДГ №121","детска градина","детска градина","Общинско"
"София-град","Столична","Нови Искър","Нови Искър","ДГ№157","детска градина","детска градина","Общинско"
"София-град","Столична","София","Оборище","1 СУ ""Пенчо П. Славейков""","неспециализирано","средно","Общинско"
"София-град","Столична","София","Оборище","112 ОУ","неспециализирано","основно","Общинско"
"София-град","Столична","София","Оборище","129 ОУ ""Антим -І""","неспециализирано","основно","Общинско"
"София-град","Столична","София","Оборище","164 ГПИЕ","неспециализирано","профилирана гимназия","Общинско"
"София-град","Столична","София","Оборище","Първа АЕГ","неспециализирано","профилирана гимназия","Общинско"
"София-град","Столична","София","Оборище","СМГ ""Паисий Хилендарски""","неспециализирано","профилирана гимназия","Общинско"
"София-град","Столична","София","Оборище","IVСВГ","неспециализирано","профилирана гимназия","Общинско"
"София-град","Столична","София","Оборище","ЧАСТНА ДЕТСКА ГРАДИНА ""АРТИ""","детска градина","детска градина","Частно"
"София-град","Столична","София","Оборище","ПГМЕ","неспециализирано","професионална гимназия","Държавно"
"София-град","Столична","София","Оборище","СПГТ","неспециализирано","професионална гимназия","Държавно"
"София-град","Столична","София","Витоша","ЧСУ ""УВЕКИНД""","неспециализирано","средно","Частно"
"София-град","Столична","София","Оборище","ПЧАГ ""Уилям Шекспир-Инт. Инв.""","неспециализирано","профилирана гимназия","Частно"
"София-град","Столична","София","Оборище","ЧДГ""Славейче""","детска градина","детска градина","Частно"
"София-град","Столична","София","Оборище","ДЛЦ","специализирано обслужващо звено","Държавен логопедичен център","Държавно"
"София-град","Столична","София","Оборище","ЧДГ ""Къщата на Алиса""","детска градина","детска градина","Частно"
"София-град","Столична","София","Оборище","ДГ №191","детска градина","детска градина","Общинско"
"София-град","Столична","София","Оборище","ДГ № 100","детска градина","детска градина","Общинско"
"София-град","Столична","София","Оборище","ДГ №195","детска градина","детска градина","Общинско"
"София-град","Столична","София","Оборище","ДГ 151 ""ЛЕДА МИЛЕВА""","детска градина","детска градина","Общинско"
"София-град","Столична","София","Овча Купел","53 ОУ","неспециализирано","основно","Общинско"
"София-град","Столична","София","Овча Купел","66 СУ ""Филип Станиславов""","неспециализирано","средно","Общинско"
"София-град","Столична","София","Овча Купел","72 ОУ "" Христо Ботев ""","неспециализирано","основно","Общинско"
"София-град","Столична","София","Овча Купел","88. СУ ""Д. Попниколов""","неспециализирано","средно","Общинско"
"София-град","Столична","София","Овча Купел","149 СУ","неспециализирано","средно","Общинско"
"София-град","Столична","София","Овча Купел","Национално СУ ""София""","неспециализирано","средно","Държавно"
"София-град","Столична","София","Овча Купел","ПГЕА","неспециализирано","професионална гимназия","Държавно"
"София-град","Столична","София","Овча Купел","ПГСС ""БУЗЕМА""","неспециализирано","професионална гимназия","Общинско"
"София-град","Столична","София","Овча Купел","ЧОУ ""Монтесори""","неспециализирано","основно","Частно"
"София-град","Столична","София","Студентски","ЧДГ Светлина","детска градина","детска градина","Частно"
"София-град","Столична","София","Овча Купел","ЧДГ ""МОНТЕСОРИ ХАЙ""","детска градина","детска градина","Частно"
"София-град","Столична","София","Витоша","ЧОУ ""Томас Едисън""","неспециализирано","основно","Частно"
"София-град","Столична","София","Овча Купел","ЧДГ Монтесори","детска градина","детска градина","Частно"
"София-град","Столична","София","Овча Купел","ДДГ ""Средец"" към МО","детска градина","детска градина","Държавно"
"София-град","Столична","София","Овча Купел","ДГ 84 "" ДЕТЕЛИНА""","детска градина","детска градина","Общинско"
"София-град","Столична","София","Овча Купел","ДГ № 125 ""УСМИВКА""","детска градина","детска градина","Общинско"
"София-град","Столична","София","Овча Купел","ДГ № 161"" ЛАСКА ""","детска градина","детска градина","Общинско"
"София-град","Столична","София","Овча Купел","ДГ № 9 ""Пламъче""","детска градина","детска градина","Общинско"
"София-град","Столична","София","Овча Купел","ДГ № 164 ""Зорница""","детска градина","детска градина","Общинско"
"София-град","Столична","София","Овча Купел","ДГ № 33","детска градина","детска градина","Общинско"
"София-град","Столична","София","Овча Купел","ДГ № 39"" ПРОЛЕТ ""","детска градина","детска градина","Общинско"
"София-град","Столична","Казичене","Панчарево","71 СУ ""П.Яворов""","неспециализирано","средно","Общинско"
"София-град","Столична","София","Панчарево","83. ОУ","неспециализирано","основно","Общинско"
"София-град","Столична","Герман","Панчарево","84. ОУ","неспециализирано","основно","Общинско"
"София-град","Столична","Железница","Панчарево","191 ОУ","неспециализирано","основно","Общинско"
"София-град","Столична","Бистрица","Панчарево","192.СУ","неспециализирано","средно","Общинско"
"София-град","Столична","Лозен","Панчарево","200 ОУ","неспециализирано","основно","Общинско"
"София-град","Столична","Лозен","Панчарево","201 ОУ","неспециализирано","основно","Общинско"
"София-град","Столична","Долни Пасарел","Панчарево","202 ОУ","неспециализирано","основно","Общинско"
"София-град","Столична","Казичене","Панчарево","СУ ""Св.Иван Рилски""","училище към местата за лишаване от свобода","към местата за лишаване от свобода","Държавно"
"София-град","Столична","София","Панчарево","ЧОУ ""Изгрев""","неспециализирано","основно","Частно"
"София-град","Столична","Казичене","Панчарево","ДГ -3","детска градина","детска градина","Общинско"
"София-град","Столична","Бистрица","Панчарево","ДГ №143""Щурче""","детска градина","детска градина","Общинско"
"София-град","Столична","Лозен","Панчарево","ДГ №97 ""Изгрев""","детска градина","детска градина","Общинско"
"София-град","Столична","Герман","Панчарево","ДГ № 180","детска градина","детска градина","Общинско"
"София-град","Столична","Железница","Панчарево","ДГ№181""Радост""","детска градина","детска градина","Общинско"
"София-град","Столична","Панчарево","Панчарево","ДГ №66","детска градина","детска градина","Общинско"
"София-град","Столична","Долни Пасарел","Панчарево","ДГ №182 ""Пчелица""","детска градина","детска градина","Общинско"
"София-град","Столична","Панчарево","Панчарево","ЧДГ ""Слънчогледи""","детска градина","детска градина","Частно"
"София-град","Столична","София","Подуяне","24 СУ ""П. К. Яворов ""","неспециализирано","средно","Общинско"
"София-град","Столична","София","Подуяне","42 ОУ","неспециализирано","основно","Общинско"
"София-град","Столична","София","Подуяне","44. СУ ""НЕОФИТ БОЗВЕЛИ""","неспециализирано","средно","Общинско"
"София-град","Столична","София","Подуяне","49-то ОУ ""Бенито Хуарес""","неспециализирано","основно","Общинско"
"София-град","Столична","София","Подуяне","95 СУ","неспециализирано","средно","Общинско"
"София-град","Столична","София","Подуяне","106 ОУ","неспециализирано","основно","Общинско"
"София-град","Столична","София","Подуяне","124 ОУ ""Васил Левски""","неспециализирано","основно","Общинско"
"София-град","Столична","София","Подуяне","130. СУ ""Стефан Караджа""","неспециализирано","средно","Общинско"
"София-град","Столична","София","Подуяне","143. ОУ "" Г. Бенковски""","неспециализирано","основно","Общинско"
"София-град","Столична","София","Подуяне","166 СУ ""В.Левски""","специализирано","спортно","Общинско"
"София-град","Столична","София","Подуяне","199 ОУ Св. Ап. Й. Богослов","неспециализирано","основно","Общинско"
"София-град","Столична","София","Подуяне","ДГ № 92 ""МЕЧТА""","детска градина","детска градина","Общинско"
"София-град","Столична","София","Подуяне","ДГ №20","детска градина","детска градина","Общинско"
"София-град","Столична","София","Подуяне","ДГ № 91","детска градина","детска градина","Общинско"
"София-град","Столична","София","Подуяне","ДГ №110","детска градина","детска градина","Общинско"
"София-град","Столична","София","Подуяне","ДГ № 148","детска градина","детска градина","Общинско"
"София-град","Столична","София","Подуяне","ДГ 173","детска градина","детска градина","Общинско"
"София-град","Столична","София","Подуяне","ДГ № 177 Лютиче","детска градина","детска градина","Общинско"
"София-град","Столична","София","Подуяне","ДГ №103","детска градина","детска градина","Общинско"
"София-град","Столична","София","Подуяне","ДГ №105","детска градина","детска градина","Общинско"
"София-град","Столична","София","Подуяне","ДГ №69""Жар птица""","детска градина","детска градина","Общинско"
"София-град","Столична","София","Подуяне","Д Г № 74","детска градина","детска градина","Общинско"
"София-град","Столична","София","Сердика","14. СУ ""Проф. д-р А. Златаров""","неспециализирано","средно","Общинско"
"София-град","Столична","София","Сердика","29. СУ ""Кузман Шапкарев""","неспециализирано","средно","Общинско"
"София-град","Столична","София","Сердика","48 ОУ ""Й. Ковачев""","неспециализирано","основно","Общинско"
"София-град","Столична","София","Сердика","58 ОУ ""Сергей Румянцев""","неспециализирано","основно","Общинско"
"София-град","Столична","София","Сердика","59 ОбУ ""Васил Левски""","неспециализирано","обединено","Общинско"
"София-град","Столична","София","Сердика","60 ОУ ""Св.св.Кирил и Методий""","неспециализирано","основно","Общинско"
"София-град","Столична","София","Сердика","100-но ОУ ""Н. Геров""","неспециализирано","основно","Общинско"
"София-град","Столична","София","Сердика","ПГИИ ""Проф. Н. Райнов""","неспециализирано","профилирана гимназия","Общинско"
"София-град","Столична","София","Сердика","ПГЖПТ""Никола Корчев""","неспециализирано","професионална гимназия","Държавно"
"София-град","Столична","София","Сердика","ЧДГ""Пресвета Богородица EOOД""","детска градина","детска градина","Частно"
"София-град","Столична","София","Сердика","ДДГ ""Слава"" към МО","детска градина","детска градина","Държавно"
"София-град","Столична","София","Сердика","ЧДГ ""Веда""","детска градина","детска градина","Частно"
"София-град","Столична","София","Сердика","ДГ № 45 ""АЛИСА""","детска градина","детска градина","Общинско"
"София-град","Столична","София","Сердика","ДГ № 199 ""Сарагоса""","детска градина","детска градина","Общинско"
"София-град","Столична","София","Сердика","Детска градина № 106","детска градина","детска градина","Общинско"
"София-град","Столична","София","Сердика","ДГ № 118""УСМИВКА""","детска градина","детска градина","Общинско"
"София-град","Столична","София","Сердика","ДГ № 63 ""Слънце""","детска градина","детска градина","Общинско"
"София-град","Столична","София","Сердика","ДГ № 48 ""Братя Грим""","детска градина","детска градина","Общинско"
"София-град","Столична","София","Сердика","Детска градина № 53","детска градина","детска градина","Общинско"
"София-град","Столична","София","Слатина","23 СУ ""Фредерик Ж.-Кюри""","неспециализирано","средно","Общинско"
"София-град","Столична","София","Слатина","31СУЧЕМ ""Иван Вазов""","неспециализирано","средно","Общинско"
"София-град","Столична","София","Слатина","93 СУ ""Ал. Теодоров - Балан""","неспециализирано","средно","Общинско"
"София-град","Столична","София","Слатина","94 СУ ""Д.Страшимиров""","неспециализирано","средно","Общинско"
"София-град","Столична","София","Слатина","109 ОУ","неспециализирано","основно","Общинско"
"София-град","Столична","София","Слатина","138.СУЗИЕ ""Проф.В.Златарски""","неспециализирано","средно","Общинско"
"София-град","Столична","София","Слатина","148 ОУ ""Проф. д-р Л. Милетич""","неспециализирано","основно","Общинско"
"София-град","Столична","София","Слатина","157 ГИЧЕ ""Сесар Вайехо""","неспециализирано","профилирана гимназия","Общинско"
"София-град","Столична","София","Слатина","ПГТ ""МАКГАХАН""","неспециализирано","професионална гимназия","Държавно"
"София-град","Столична","София","Слатина","ЧОУ Образователни технологии","неспециализирано","основно","Частно"
"София-град","Столична","София","Красно село","ПЧМГ ООД","неспециализирано","профилирана гимназия","Частно"
"София-град","Столична","София","Слатина","ЧПГ ""Образователни технологии""","неспециализирано","профилирана гимназия","Частно"
"София-град","Столична","София","Слатина","ЧОУ ""Джани РоДари"" ЕООД","неспециализирано","основно","Частно"
"София-град","Столична","София","Слатина","Доверие","детска градина","детска градина","Частно"
"София-град","Столична","София","Красно село","ЧНУ ""Питагор"" ООД","неспециализирано","начално","Частно"
"София-град","Столична","София","Слатина","ЧДГ МЕЧО ПУХ","детска градина","детска градина","Частно"
"София-град","Столична","София","Слатина","ДГ №154","детска градина","детска градина","Общинско"
"София-град","Столична","София","Слатина","ДГ № 62 ""ЗОРНИЦА""","детска градина","детска градина","Общинско"
"София-град","Столична","София","Слатина","ДГ №168","детска градина","детска градина","Общинско"
"София-град","Столична","София","Слатина","ДГ №183","детска градина","детска градина","Общинско"
"София-град","Столична","София","Слатина","ДГ № 61 ""Шарено петле""","детска градина","детска градина","Общинско"
"София-град","Столична","София","Слатина","Детска градина № 65","детска градина","детска градина","Общинско"
"София-град","Столична","София","Слатина","ДГ №184 ""МЕЧО ПУХ""","детска градина","детска градина","Общинско"
"София-град","Столична","София","Слатина","ДГ №155 ""Веселина""","детска градина","детска градина","Общинско"
"София-град","Столична","София","Средец","6 ОУ ""Граф Игнатиев""","неспециализирано","основно","Общинско"
"София-град","Столична","София","Средец","7. СУ ""Свети Седмочисленици""","неспециализирано","средно","Общинско"
"София-град","Столична","София","Средец","9 ФЕГ","неспециализирано","профилирана гимназия","Общинско"
"София-град","Столична","София","Средец","12 СУ ""Цар Иван Асен ІІ""","неспециализирано","средно","Общинско"
"София-град","Столична","София","Средец","38ОУ","неспециализирано","основно","Общинско"
"София-град","Столична","София","Средец","127 СРЕДНО УЧИЛИЩЕ","неспециализирано","средно","Общинско"
"София-град","Столична","София","Средец","133 СУ ""А.С.Пушкин""","неспециализирано","средно","Общинско"
"София-град","Столична","София","Средец","ДГ №159 "" Олимпийче ""","детска градина","детска градина","Общинско"
"София-град","Столична","София","Средец","ДГ № 77 ""Магнолия""","детска градина","детска градина","Общинско"
"София-град","Столична","София","Средец","ДГ № 18","детска градина","детска градина","Общинско"
"София-град","Столична","София","Средец","ДГ № 113 ""Преспа""","детска градина","детска градина","Общинско"
"София-град","Столична","София","Студентски","8. СУ","неспециализирано","средно","Общинско"
"София-град","Столична","София","Студентски","55 СУ","неспециализирано","средно","Общинско"
"София-град","Столична","София","Студентски","ПГ по телекомуникации","неспециализирано","професионална гимназия","Държавно"
"София-град","Столична","София","Студентски","ЧЕГ ""Проф.д-р В. Златарски""","неспециализирано","профилирана гимназия","Частно"
"София-град","Столична","София","Студентски","ДГ №72","детска градина","детска градина","Общинско"
"София-град","Столична","София","Лозенец","ЧДГ"" Детска къща Монтесори""","детска градина","детска градина","Частно"
"София-град","Столична","София","Студентски","ДГ №12 ""Лилия""","детска градина","детска градина","Общинско"
"София-град","Столична","София","Студентски","ДГ №16 "" ПРИКАЗЕН СВЯТ""","детска градина","детска градина","Общинско"
"София-град","Столична","София","Студентски","ДГ №10","детска градина","детска градина","Общинско"
"София-град","Столична","София","Студентски","ДГ № 78 ""Детски свят""","детска градина","детска градина","Общинско"
"София-град","Столична","София","Студентски","ДГ №79 ""Слънчице""","детска градина","детска градина","Общинско"
"София-град","Столична","София","Триадица","20 ОУ ""Тодор Минков""","неспециализирано","основно","Общинско"
"София-град","Столична","София","Триадица","22 СЕУ ""Г. С. Раковски""","неспециализирано","средно","Общинско"
"София-град","Столична","София","Триадица","41 0У ""Св. Патриарх Евтимий""","неспециализирано","основно","Общинско"
"София-град","Столична","София","Триадица","47СУ","неспециализирано","средно","Общинско"
"София-град","Столична","София","Триадица","73. СУ ""Владислав Граматик""","неспециализирано","средно","Общинско"
"София-град","Столична","София","Триадица","104 ОУ ""Захари Стоянов""","неспециализирано","основно","Общинско"
"София-град","Столична","София","Триадица","121 СУ","неспециализирано","средно","Общинско"
"София-град","Столична","София","Триадица","126 ОУ ""П. Ю. Тодоров""","неспециализирано","основно","Общинско"
"София-град","Столична","София","Триадица","ПГД ""Елисавета Вазова""","неспециализирано","професионална гимназия","Държавно"
"София-град","Столична","София","Триадица","НТБГ","неспециализирано","професионална гимназия","Държавно"
"София-град","Столична","София","Триадица","Частно СУ "" Артис""","неспециализирано","средно","Частно"
"София-град","Столична","София","Триадица","ЧПГ по БДТФ","неспециализирано","професионална гимназия","Частно"
"София-град","Столична","София","Младост","ЧОУ ""Куест""","неспециализирано","основно","Частно"
"София-град","Столична","София","Триадица","Мечтател","детска градина","детска градина","Частно"
"София-град","Столична","София","Триадица","ЧОУ ""Прогресивно образование""","неспециализирано","основно","Частно"
"София-град","Столична","София","Триадица","ЦПЛР- СШ ""София""","център за подкрепа за личностно развитие","център за подкрепа за личностно развитие","Общинско"
"София-град","Столична","София","Триадица","ЧДГ ""Пролет""","детска градина","детска градина","Частно"
"София-град","Столична","София","Триадица","ЧЦДГ"" Мария Магдалена""","детска градина","детска градина","Частно"
"София-град","Столична","София","Триадица","ДГ №2 "" ЗВЪНЧЕ""","детска градина","детска градина","Общинско"
"София-град","Столична","София","Триадица","ДГ №129","детска градина","детска градина","Общинско"
"София-град","Столична","София","Триадица","ДГ № 43 ""ТАЛАНТ""","детска градина","детска градина","Общинско"
"София-град","Столична","София","Триадица","ДГ № 127 ""Слънце""","детска градина","детска градина","Общинско"
"София-град","Столична","София","Триадица","ДГ№167""МАЛКИЯТ ПРИНЦ""","детска градина","детска градина","Общинско"
"София-град","Столична","София","Триадица","ДГ №7 ""Детелина""","детска градина","детска градина","Общинско"
"София-град","Столична","София","Триадица","ДГ № 40 ""Проф.Г.Ангушев""","детска градина","детска градина","Общинско"
"София-град","Столична","София","Триадица","ДГ № 87","детска градина","детска градина","Общинско"
"София-град","Столична","София","Оборище","НМУ","специализирано","по изкуствата","Държавно"
"София-град","Столична","София","Слатина","НУТИ","специализирано","по изкуствата","Държавно"
"София-град","Столична","София","Средец","НУИИ ""Илия Петров""","специализирано","по изкуствата","Държавно"
"София-град","Столична","София","Възраждане","НГПИ ""СВ. ЛУКА"" - СОФИЯ","специализирано","по изкуствата","Държавно"
"София-град","Столична","София","Триадица","НПГПФ","специализирано","по изкуствата","Държавно"
"София-град","Столична","София","Овча Купел","НУККЛИИЕК","специализирано","по културата","Държавно"
"София-град","Столична","София","Връбница","НГДЕК Константин Кирил Философ","специализирано","по културата","Държавно"
